,eyebrow,eye,nose,forehead
0,0.3303673180754436,0.17370279615467657,0.044502073453067385,0.1582518419561885
1,0.3517940732474358,0.17884574864575212,0.04232573128512485,0.12265125786720689
2,0.3293400543273853,0.16474442223440633,0.03259926533693141,0.13329833080591333
3,0.33572821279335924,0.18481838709458928,0.036228380581804255,0.13110300717050616
4,0.3485816874507129,0.17135128918522527,0.03807397247190363,0.1290611631884164
5,0.31628510313833313,0.1638686699991326,0.045012918337299555,0.1316819628902454
6,0.3300470780388199,0.17918014776222982,0.034899871047775415,0.12317629534627479
7,0.32334479258086407,0.16126934718260075,0.03528884664956477,0.1434353665446193
8,0.347427299326547,0.17799798986637605,0.03948960327229809,0.15652708545054572
9,0.32376287254255737,0.1746031746031746,0.03189630483570192,0.11735210267950352
10,0.3283195567157708,0.16695551790827984,0.037712319564813475,0.13137316096680887
11,0.34018526746975075,0.1724137931034483,0.042694603791293854,0.12376543866115952
12,0.3459494900355918,0.16936853544701083,0.035214390503777296,0.12809552693400947
14,0.30581582049033396,0.16285275926136236,0.04071435162913577,0.15687728666459405
15,0.3179783673611362,0.1670862755841828,0.03436283351168524,0.11780375208422965
16,0.34578803581619266,0.1651756399756606,0.03803560000106629,0.1334883197562139
17,0.34906750722680957,0.16895089558511803,0.036213368239177895,0.12299101210735752
18,0.34456628052075244,0.17635750019848262,0.0328502428838329,0.11432401248878842
19,0.34535667355053745,0.16445215329000695,0.04167975449831713,0.1447919260025447
20,0.33989785770827,0.16759589386289536,0.030274619296712244,0.12375279239277612
21,0.3208986224109242,0.16878027767808138,0.040385198211495714,0.13015668257160745
23,0.33537966234367,0.1811629385219731,0.03870477406062115,0.12143541271273378
24,0.32901729574354227,0.16524454892092497,0.037750529053984024,0.15381143010103465
25,0.33673879571525844,0.17368892158675722,0.039574804666896966,0.15286087864258457
26,0.3189564041360256,0.15959241469280652,0.043530278666683395,0.1571782003900966
27,0.30066543179135097,0.1742910171266815,0.040554985684646695,0.14209027666129664
28,0.3503130245579691,0.16677635027295384,0.0385576766402514,0.12587054469719453
29,0.3400001169835294,0.18088525753521154,0.04315332283282408,0.1328178361261634
30,0.3227414145450292,0.16289899105708913,0.03674098137264923,0.14256838371728084
31,0.3519367923677562,0.18091034225775918,0.036368664880261886,0.13674906752798757
32,0.33591341661609625,0.1729805311006654,0.038123446835825664,0.13836623919407987
33,0.333407336240295,0.17391348862982253,0.03749035797528666,0.12716668420684366
34,0.33827700691415413,0.16932162435684495,0.028642114142657556,0.1058585442707616
35,0.3315407265655773,0.16861894959663673,0.03134865978922032,0.12522246026524522
36,0.3221480711424282,0.17353749301143423,0.029044283098122896,0.13317196202748519
37,0.34267962018414677,0.18301679212908584,0.04304314576667179,0.12396153172238339
38,0.3282798423492368,0.17093392757666917,0.03592465703084257,0.13292814167925818
39,0.3279222027242995,0.18280007374690901,0.036269568509635974,0.13010128358070794
40,0.3396622832906448,0.1735276776376401,0.035623780969846856,0.12072432086372574
41,0.3364882103093851,0.1701181743126841,0.038902426561272976,0.11742044353117369
42,0.35545227811237906,0.1731423628867882,0.031071441599551483,0.11084206325761224
44,0.3208470746167998,0.18289685566678035,0.0354828650325577,0.12888534493616982
45,0.33088553099127777,0.16869729033137074,0.03619619355709408,0.12824339204908428
46,0.36469585596444315,0.17183258085812483,0.044238623723939094,0.14561694126307315
47,0.322729716136239,0.16674992811828565,0.03342162647447136,0.11456971437400541
48,0.3291049441333583,0.16992012363915523,0.03670762924700497,0.1218593001064466
49,0.33473987938229033,0.18122833199463675,0.035732971106205325,0.14927756388315983
50,0.3298815973215543,0.17167856350502186,0.04106370209142187,0.14878316480885473
51,0.33547218231344683,0.17099646288716477,0.04047647881576296,0.14432969996763434
52,0.30937159123516855,0.1726216350325417,0.03372840428247626,0.13076840229171913
53,0.3496078733136626,0.16692526247857495,0.031302511840682744,0.14279924481863435
55,0.34072375623989914,0.16884374176798436,0.04848444102767115,0.12564762846067887
56,0.3600090465029754,0.17922172356997393,0.03790666033290805,0.12499840944249023
57,0.34885159194049475,0.18007159394907632,0.04332092055489564,0.14906429033616211
58,0.3297919940117891,0.16675741110332912,0.03279318541473917,0.1311906373375499
59,0.32066068043004003,0.17638127269243295,0.032812767259823065,0.12154742728772483
60,0.33288432169590676,0.17567870224258184,0.044344894534611136,0.14154029360304102
61,0.31985814871925866,0.17246858630108386,0.04339713381799995,0.13696938407644113
62,0.3470593653697124,0.1865265052966495,0.0382426902586853,0.1274134959163825
63,0.3338668695006737,0.17393614003760385,0.03270182861516428,0.13129287230692813
64,0.3160302309986594,0.16178547106566277,0.0344775601038659,0.12191429389719341
65,0.3497152921473047,0.17359436863447147,0.04822548629027589,0.144344493874948
66,0.34780650386649753,0.1616115437622452,0.036581784353325826,0.12312757742239666
67,0.32476782944580335,0.1668362599963879,0.0334533533515157,0.13857966605708064
69,0.32569425735394975,0.17358007253148844,0.037918430912875827,0.13609819098252232
70,0.32312763386586185,0.1797052771539307,0.0321078245916445,0.13412336073303413
71,0.34741187894665587,0.16915877444135366,0.03764155019329607,0.14248124486406347
72,0.35604699445092686,0.16843884922326333,0.03712194632848234,0.13978698204250592
73,0.34392687408219463,0.17827330320069562,0.03221866200724237,0.11858376535595933
74,0.34235496450711167,0.1724432064112695,0.044034207205721536,0.1362825386182757
75,0.32570033020256184,0.16634036428031096,0.036744819642321826,0.13697255494209673
76,0.32204097192349485,0.17357443315403062,0.03835665866446444,0.14362641060984832
77,0.3320828693297694,0.18778528622241883,0.037776039923309086,0.11831277292943657
78,0.31868788284702076,0.1796520989615359,0.03343416738420107,0.1353361763788102
79,0.3503953238749927,0.18498197931953986,0.0413141678699443,0.1295043391410171
80,0.31772854678505846,0.15205920363751266,0.042978437879724316,0.14478613576353092
81,0.31668571072337137,0.16749609649572897,0.039089306787532675,0.1584070242995871
82,0.33810312021435146,0.16962543371781993,0.03986128586827785,0.14597239353451694
83,0.3392783020598723,0.17771483793541978,0.030612522707534364,0.13812069274414057
84,0.3388513808767998,0.17461291532571185,0.040697817149142744,0.14814297387474584
85,0.3460750604458414,0.1795215380844069,0.032945617415793715,0.1145567649258138
86,0.34991001882023476,0.1673528416859625,0.03161382735386581,0.13613791255287014
87,0.3189093364597524,0.1729136635603393,0.04329124578105673,0.10831766086095876
88,0.32016038381712664,0.1649378756206679,0.03676940449411474,0.12070190985043111
89,0.32986666813109716,0.17663624388904697,0.04435197199108884,0.15731248178888924
90,0.3333905721553937,0.17482093044910962,0.035177366445908166,0.13779481177158814
91,0.3545655334985537,0.17981764334470676,0.04050505608878809,0.12810675879019623
93,0.33425163832440724,0.17496318267608937,0.03945693880696418,0.14212155356035233
94,0.34894968380766594,0.17225665180941743,0.03991484179610021,0.15646499551848628
95,0.3556129202756592,0.18517200630114589,0.035784814048395605,0.13608933591167172
96,0.3465872071832805,0.17619204461769647,0.0406505106869552,0.13876174426475432
97,0.33325505473868483,0.16868379798288333,0.04187360019271644,0.1520184462717851
98,0.32379134967126066,0.17247372987538287,0.04181154753624271,0.13375259704727052
99,0.35071786109103475,0.1642588397043724,0.03383820775713868,0.1298041458320766
100,0.3310679343071696,0.16308947527490056,0.029841519532075,0.13671074864856128
101,0.32706760367712207,0.18386419903587511,0.03992384007567294,0.1313376806047621
102,0.3345658340217905,0.16715083349690615,0.04042657034898789,0.1275259317199087
103,0.3235219286546719,0.16720590376299274,0.03383046862185367,0.12941044852328995
104,0.3240185201053666,0.16715083349690615,0.038729595563906025,0.12894997815370302
105,0.34397609471482105,0.16436814032369812,0.03852255102018761,0.11403679847923139
106,0.36385390117514516,0.18159818648225126,0.04329975308651927,0.14743296725643545
107,0.32996013803491164,0.16745534331229278,0.04863764897694572,0.15386145264749881
108,0.3426925782975642,0.17353680989408565,0.03149966027806359,0.11761483264471674
109,0.3320089940014897,0.17433414778118703,0.04682725283117068,0.1448544885117966
110,0.3117534928572007,0.17473528991583587,0.03377241448856333,0.11465731676958422
111,0.3384840574672083,0.1724725099404913,0.04213877786817688,0.14262742554006355
112,0.3508758167556263,0.1587269196345543,0.041136108170146866,0.13517945735795361
113,0.34499184476390116,0.1690941078374851,0.04540703914997809,0.14824769178076994
114,0.34264916247046856,0.1786252367042546,0.03749922954750026,0.14370077697321396
115,0.330640654963592,0.1754279738986032,0.035865626632006445,0.12573023162099695
116,0.3278743663097667,0.1734250010100708,0.035177423555707084,0.14295262843249776
117,0.3248745617634292,0.17647058823529413,0.03918732102427968,0.14421211947158413
118,0.32327220147890395,0.17647100630093226,0.032868038864563874,0.13294958151498154
120,0.3347107923192156,0.16692526247857495,0.04067882289296779,0.1408314104778949
121,0.3392145431188654,0.1757908490664909,0.03702591709938617,0.12894882060718996
122,0.32966831529017154,0.18079290295672593,0.03217419911333096,0.12102786526731377
123,0.32601990934447744,0.17769274153321193,0.046291142923053884,0.13585548577349532
124,0.32754198679566315,0.16908020066683285,0.037789338763310074,0.11860935477526464
125,0.3233985474469988,0.15496130164969987,0.04063902703194335,0.15042526001828338
126,0.3145957467318534,0.1800959719055028,0.044725724723938626,0.14222815694828372
127,0.33590078045680744,0.17115396664231236,0.04349760914581931,0.15643132737540183
128,0.3174937455427316,0.17129046767108533,0.041700228839928896,0.13926474353027335
129,0.3403917192114223,0.17743385785567004,0.03415198394343307,0.1303950811743731
130,0.34134566983038545,0.16935121561666017,0.0357564715213609,0.13513259465686078
131,0.35481217102866464,0.17587610193965694,0.03961511791554705,0.12619078382078566
132,0.34678791176209844,0.179599826171897,0.030735582494664945,0.11866396441877414
133,0.3404391098346396,0.1696324180304724,0.03962421644115967,0.12503470527152052
134,0.35201911766947586,0.18224591879910548,0.031988224426016856,0.1147791154233296
135,0.33149292967371286,0.17424242424242425,0.032507516832852044,0.12961563683782995
136,0.32739005143717614,0.17414131557650045,0.03422660136603114,0.1301047147931525
137,0.3249620510685283,0.17336948608088798,0.03646216317099599,0.13005818442463574
138,0.3385184960198823,0.16169254533162009,0.041337454459138515,0.11933422381482453
139,0.32552454888409144,0.16910444394720722,0.036055725050762696,0.15636569133166392
140,0.34425163635517925,0.1748743023779347,0.03848703412882305,0.11813539407964979
141,0.3318286145039737,0.18389968178037594,0.030419341065886587,0.1269756780660072
142,0.34233411246903683,0.17609618481071035,0.036284869392043444,0.12031214870067451
143,0.32657351350444347,0.17463145584421025,0.03358009570632005,0.13850595851149516
144,0.34665425363220387,0.1764366744100102,0.030418084539289444,0.12917009399541077
145,0.34082484351659115,0.16163833325184965,0.03004626029889171,0.11692576773582211
146,0.3329121264724021,0.1621883182462081,0.033097198492344486,0.138423533699737
147,0.34935555467594753,0.1771970899428815,0.037375476141989696,0.1590521724986008
148,0.3121524807093892,0.16681048523378983,0.04218150307029188,0.15465880637541
149,0.3131118313778805,0.16375676980833107,0.037524580887562504,0.1425179263258011
150,0.3171456446481796,0.17780468635425792,0.035129666946017844,0.13517169927597902
151,0.35205788183581854,0.17835282134923974,0.04134144086111545,0.1416086270839207
152,0.3557066815120881,0.16283468972455745,0.04005254010715416,0.1536095398283123
153,0.34326901840065194,0.17129234552801986,0.04207312000944612,0.13334818099719276
154,0.307093752533865,0.1756330111504434,0.0326477184268643,0.13313631013027355
155,0.3294653431893375,0.1661017372843521,0.0457211966486172,0.13608051700327162
156,0.3572510520607913,0.18091526117304432,0.031169614962839126,0.12203545197569896
157,0.3497023845437377,0.17603887818402153,0.026825010592751417,0.11226849528250431
158,0.34922002712342587,0.15941625574228663,0.0393020844627151,0.1278815622987005
159,0.3378725610724853,0.17233382178479723,0.04004680150634106,0.12780663433507317
160,0.33266548109782834,0.17045454545454544,0.03275061892395845,0.13492322544643182
161,0.35420209407599496,0.1722763038261266,0.035953121065756266,0.1358891789131761
162,0.33760134392294405,0.16451568285997445,0.03308838705866133,0.13759066115782825
163,0.3203010403523023,0.16725733497432957,0.03578831105304859,0.12970183770613228
164,0.3152484191696118,0.17932552763872778,0.034526681341212666,0.1484966127819762
165,0.3241429489395903,0.18783009075594234,0.03667628948931104,0.133031111998492
166,0.321335664467716,0.18525530121218917,0.03563547985495798,0.12678989519185022
167,0.34387834424951363,0.16773595592623017,0.040524918609256694,0.13780001486585572
168,0.3096432151809923,0.17519677091401842,0.025285789482718812,0.11127903875724436
169,0.32079932716580317,0.17631396422016987,0.03852103520825152,0.1619294743326743
170,0.34905728799797575,0.18111662841012977,0.03403407418723328,0.14006448904754054
171,0.35660894082292094,0.17704491629560318,0.036890799820200285,0.11631404361980008
172,0.32062123843009194,0.17414986637282745,0.034947594102667866,0.13156558026219656
173,0.34234720374096295,0.18179145980710398,0.02994273601530082,0.11486265087666395
174,0.3472341922361457,0.17185402300596328,0.04555474569010738,0.136449329900161
175,0.32746320364584813,0.1756307314969503,0.034875684780510174,0.1390912037347476
176,0.3310952583275594,0.16266485181070478,0.04728384215936461,0.1483007425176466
177,0.3161581247876308,0.16915071682835678,0.03691171600607146,0.1369919063593138
178,0.35236006539686926,0.18098627318880472,0.032029778446867475,0.12351000634665757
179,0.3339775696943581,0.16698563195419786,0.03919251382614608,0.1379684720035125
180,0.32997546938677796,0.15998577967379318,0.03758634699362703,0.12841826077768997
181,0.3198091033717786,0.1722614012578346,0.038090478087040726,0.13015481457373745
182,0.35361680918595717,0.18119098668911435,0.039495812456283814,0.14061119200632083
183,0.3595347635067837,0.18015403089559145,0.03841151114117027,0.12512598520712187
184,0.3329504725632591,0.17598652980257448,0.03310978355581064,0.12528894256294132
185,0.33958691515908307,0.16971214528395528,0.038676586798639376,0.14200283802382985
186,0.3304060795362906,0.16875884166424446,0.03732427065364129,0.12115429114634721
187,0.3573981362626992,0.17807252669869042,0.040689650411448945,0.13794524095939403
188,0.3191556528261586,0.16683762354743106,0.033465685987041104,0.12891914319126052
189,0.33538431925226064,0.17303185348174197,0.031950361704234126,0.14255203838289665
190,0.3438950454284602,0.1783404974442529,0.029207852901213492,0.13392998756796146
191,0.3437849912834214,0.16995129528703137,0.03417507318832064,0.12438017689748773
192,0.3523347176196079,0.17923252375072962,0.04342709550494142,0.14376925956656486
193,0.3114754098360656,0.18107149208503706,0.03813123112224673,0.13628412874078746
194,0.3485670793092574,0.17389850728145667,0.040259845143253536,0.12896880875019257
195,0.34743078214823103,0.16212009372309064,0.04201486041745748,0.13986783183086998
196,0.33133811487767284,0.1713430168699611,0.03739762408642138,0.1333985375530869
197,0.34014108116550873,0.1610569216191216,0.04075001255646732,0.13792011154268838
198,0.3290648874898591,0.1668456794536178,0.038742590460929864,0.15560169177144156
199,0.33384569662010766,0.16284340668134162,0.037949173968240144,0.1338460874820969
200,0.30518104512973426,0.18041662198613745,0.028537368009208405,0.11656001470923828
201,0.3172192039123687,0.18621419660746868,0.0337151755745306,0.13078882863913865
202,0.318556345645426,0.17322646121123916,0.03771834088253407,0.14650377414667387
203,0.322814939568949,0.16687577234723086,0.03366179960821986,0.13659676305619609
204,0.32185628144811324,0.1651668187509341,0.03515337595986873,0.12692576078812015
205,0.3395478342102569,0.1746563818997201,0.03305109088872476,0.1449468525204303
206,0.3375944834394666,0.17207571163801874,0.0320944899676158,0.11686184956206826
207,0.32132130458712677,0.17337647325407565,0.040451650411977916,0.14176953898136432
208,0.31785647742894324,0.18198341559422432,0.036598945326532,0.13186615712282485
209,0.3300285516344427,0.1745158634607579,0.04106572091890384,0.16190971095529266
210,0.34881407373397993,0.18338726999536922,0.04503182606085362,0.1369554825015261
211,0.3379966821766384,0.18316765245738637,0.03734209519006351,0.1321602165267045
212,0.3340281475670446,0.16236156925291137,0.039894856866033446,0.1346707878449983
213,0.32979431169559426,0.17491366775673614,0.046292289193454184,0.14017699637512263
214,0.3225036953542704,0.16014922901553225,0.03712400524057057,0.13982923966880237
215,0.328803475295947,0.17520924261018922,0.03448931969902056,0.13985516684203028
216,0.3230880931275034,0.17193304893120165,0.04093287226898135,0.1342899659315626
217,0.34171690246803893,0.1587704675765931,0.036306733778903484,0.13910827737301443
218,0.34073270380212534,0.17812428261292895,0.039398990107616626,0.14203535684949462
220,0.3185982858855408,0.16496924903658605,0.03686061127982032,0.13868943301896852
221,0.36005497619484944,0.17452351184125084,0.02953958845851496,0.11653773495885911
222,0.32970738702818914,0.1713776523478504,0.04148354723356227,0.1516577770046359
223,0.36051222614178524,0.17719262506318503,0.03258657692181144,0.11051505256049052
224,0.33848754140304066,0.17221400337525317,0.03657090624242964,0.11690512756027949
226,0.3463630432395911,0.17353749301143423,0.033794528698161505,0.14278872647405202
227,0.3381211999729735,0.1809643922838688,0.03877814256570023,0.135931527434876
228,0.34328358208955223,0.17972959572830266,0.038746506257111284,0.15643800681186598
229,0.33663462197533917,0.16246917422501608,0.03905147405894797,0.12673216659859904
230,0.3450643844497636,0.1710505467751877,0.0371261919103774,0.14313872912943865
231,0.3414518131650681,0.16988979948953054,0.036490255226838124,0.11842500475246812
232,0.3277552009819172,0.16873920222914637,0.04129925530938618,0.1514839378206654
233,0.346488640898023,0.16975706146065234,0.03336396987501705,0.12328878409237055
234,0.3285915450636254,0.16683762354743106,0.0334762685333535,0.12203057795435295
235,0.3557635868940779,0.16935025700295164,0.036248011441194536,0.13490949816805575
236,0.3291777805644564,0.1616084836959247,0.03994137500136392,0.13184774137909555
238,0.3261967667037034,0.16513495004228732,0.036512639309267056,0.13638321086562216
239,0.3362272206505553,0.17514659085988848,0.043723963857465555,0.1503240283061588
240,0.3370998244783997,0.18099008954516158,0.034156836996433765,0.1472184793412015
241,0.33119668842887995,0.17157086625517193,0.03420668012229202,0.12349007626321518
242,0.32713335649400765,0.1680163306125126,0.04174314774879671,0.14866873631578634
243,0.3483269890109223,0.17081414594356056,0.03640435820469135,0.12717063625791217
245,0.33614358129398286,0.17901359266199912,0.043338696848635436,0.14545999206070456
246,0.3240001848788717,0.15629478353851603,0.036453704201975835,0.1339693291353359
247,0.332582027327504,0.1639377851889552,0.036652907024672776,0.13933243840467494
248,0.33766631186332596,0.1677137406055431,0.031566007700578304,0.12093420157395894
250,0.34434667127340873,0.17122312323751887,0.03199166125714265,0.11933417113139748
251,0.33448852331193635,0.1709008959789073,0.038063753688628736,0.12532709190380698
252,0.3152682856831516,0.169375951045721,0.03700267323615074,0.15686676442060207
253,0.34437085349698565,0.16664916609784997,0.03607667363699622,0.12439285450063214
254,0.3470796695725153,0.1739646415380581,0.038156211320443514,0.1349263092890727
255,0.34031390214828594,0.17116698058669977,0.03585106051941238,0.1506014755406811
256,0.342867118293772,0.1671269455509899,0.0377444332867009,0.151566625145473
257,0.319036878062992,0.16994675275030885,0.032052988055709004,0.11733094579304315
258,0.32143774898616595,0.16676569948598782,0.04145422134445849,0.1446769400388176
259,0.321480789084518,0.18514693182963202,0.041168587079390716,0.13706036775685412
260,0.35716297202113206,0.1793477211885933,0.042830543046206905,0.14292912291132087
261,0.3310075195719288,0.17384539747207065,0.034904397777434135,0.12064629372229
262,0.3526127176996325,0.18418218405447614,0.03815187195695564,0.12969127435711172
263,0.34044052515020495,0.17471739876507517,0.03708678506864644,0.14040605814607487
264,0.3450705252527932,0.16191492504713745,0.031953540118683586,0.1255929505359275
265,0.3186951678935001,0.17510646096163285,0.043730891877393534,0.14807563951780112
266,0.33388070304148026,0.16745250239858056,0.03317026222330583,0.13735643173987966
267,0.34721388951282556,0.17752388860916915,0.033272137413295495,0.1381306214609844
268,0.33164455318769576,0.16887133412261032,0.04362188730528702,0.14979887685129664
269,0.32228774183732095,0.1799627528580689,0.04017333384537528,0.12851469576488878
270,0.3261506228230016,0.1624283763576572,0.035320390547859334,0.1390803112688116
271,0.32523205209240375,0.1765215585142674,0.029710660042435496,0.12629749542379606
272,0.3389223261429177,0.1689317949907068,0.03398838063280581,0.11541320460147618
273,0.33544492129047226,0.16759589386289536,0.030858497816236848,0.12231093954311016
274,0.33701726444407676,0.1725190989155043,0.037052348762338094,0.1342055544035666
275,0.32385985919483545,0.1714945621399978,0.03861121008055845,0.14020795531136168
276,0.3271586132282501,0.16896630938740576,0.03585241875328236,0.11320747942303698
277,0.3145216022808949,0.17405002261317432,0.035038796745770276,0.13941958253132125
278,0.3527536942868968,0.18740888041656278,0.03382426270288596,0.11017732170248876
279,0.3194545303665513,0.17290085425618942,0.03926831514548359,0.13789030683993547
280,0.34523144423573926,0.16478273469941845,0.04246885869845122,0.14193010092283392
281,0.33872021203712155,0.17020657063510297,0.042136317935243174,0.12985442477743608
282,0.31911221645031457,0.1609314823053623,0.030694107891614246,0.13505230714964372
283,0.3475786849198101,0.17049865518571825,0.03768281782920477,0.14519627802528445
284,0.32694047066066734,0.16982137773952824,0.03747874827701179,0.14961914724235179
286,0.31437600077241606,0.16631290929277162,0.041348254385405236,0.13572176209605027
287,0.3313807759892078,0.16854374256782464,0.03357798514629805,0.13193584718608312
288,0.32160722646374845,0.17289224310625587,0.0300502247364018,0.11439909626066912
289,0.3157387798146293,0.18061210914505924,0.03352766355760935,0.13707642775549403
290,0.3187251005741135,0.16895973083422622,0.04840351573225152,0.15856302486566518
291,0.33280665758355243,0.1705211171139287,0.04200258243745467,0.14503945971795784
292,0.32660088329509657,0.17135128918522527,0.03608139791274775,0.1329536641271113
293,0.33682426491067063,0.1719212303512371,0.03339339171023437,0.14733426668376626
294,0.34101207501005787,0.17817707126571264,0.02831991136813644,0.12391866050590677
295,0.33262048627815355,0.17217894099235848,0.04050451994437333,0.1412650073352344
296,0.3166501946908751,0.18419029446881593,0.03582118479900554,0.1290622245353579
297,0.3173184090172864,0.1763384086544087,0.04659247527022186,0.14313559075939916
298,0.3400983145957735,0.17301729505512412,0.03581505203641759,0.14019931170336455
299,0.30836977170357677,0.16253033967466446,0.040475524826891464,0.12607709525111302
300,0.3370507870850006,0.1643989873053573,0.03260341230334253,0.12375397489601106
301,0.31816887500877644,0.16715083349690615,0.03881375012668168,0.11966203718065618
302,0.3270153328493062,0.1705446555462218,0.0337980816502136,0.11479184906423784
303,0.33212584848033766,0.16020084819494143,0.03073484239492425,0.13042603775879355
304,0.3194501293450138,0.15939558711514237,0.03841671040149198,0.14108222761365913
305,0.31228032907365233,0.17160831265077997,0.04055564300018589,0.15224092183006024
306,0.29940217278905246,0.17551486163989102,0.03332775034126034,0.12747018725738707
307,0.32844850031077055,0.17827903989217597,0.04155946376539397,0.14745090852132722
308,0.3306793677487522,0.17388607844384624,0.040294984565314516,0.14304612343848608
309,0.311955528136123,0.17625687897501263,0.03734914184601837,0.11706431294925614
310,0.30899517578935104,0.17593372636810856,0.03537383407892675,0.13180781988963633
311,0.3400884174862623,0.18173746285999548,0.036395504934519214,0.13614824058526873
312,0.3469246199345261,0.17319505225001652,0.04579851710292815,0.15065343956066554
313,0.34873543783884925,0.17769979772097838,0.042794979446734924,0.14692931638491746
314,0.331287358648279,0.17829673575752483,0.04151732406904411,0.13597620789576334
315,0.32899517282397317,0.16666666666666666,0.04000441066706113,0.13114924298580957
316,0.33299577955739157,0.18684103839669797,0.030554457274797116,0.12413410892310715
317,0.3449426256722494,0.17210718452091864,0.03475882530332157,0.10984054544482673
318,0.342568050481732,0.16668372664122305,0.0297205791346695,0.12397736930705489
319,0.32180723532678635,0.1644751200876766,0.03543696704121986,0.12491851178965613
320,0.32186236840437105,0.1626180091681092,0.041214085519419824,0.1431624750729312
321,0.35869327778869214,0.17553399869981262,0.031668049871882924,0.1115114512181703
322,0.3409376718084742,0.18590262818788894,0.045820046142728055,0.14866023924530627
323,0.3263199051867582,0.16926501336065636,0.04088401554247175,0.12371654243221825
324,0.35142843398547574,0.17072058413090754,0.03454303922583631,0.1459152175285826
325,0.3089335329711256,0.1546211242717283,0.046456153644080456,0.1542471326533197
326,0.32603506740131266,0.16748166667802025,0.04166472531453423,0.15231585971517703
327,0.3339752509105604,0.17477362137374203,0.039040183271455864,0.11829546979721235
328,0.3610944015185518,0.17615364547974544,0.04093491203700976,0.14335358213296526
329,0.326592366472384,0.1515602242714903,0.04584734240191029,0.13454476487975944
330,0.3300168256035837,0.16516457514767674,0.03682751901313287,0.13326735596708258
331,0.3434960164175209,0.17913193548360717,0.03826813277665793,0.12639796973901973
332,0.32794188767961924,0.16497568094730222,0.03843410661036925,0.14490625004921184
333,0.3352806453610077,0.17389996235272429,0.044415753541917936,0.1405522795611149
334,0.3371140422083231,0.1721999576468148,0.04045662247100364,0.1437200632823783
335,0.3168140235871474,0.16454602999161247,0.034476468380809255,0.1260443541865689
336,0.3476552015693614,0.17714935820221758,0.030427978627216676,0.12986035852709885
337,0.3405201844991553,0.1736290840370052,0.04113981764954498,0.14593160303558994
338,0.3367908537699197,0.16856962094210654,0.04140650835438121,0.12914314725371784
339,0.325026890416203,0.18004889854462552,0.03938726377546737,0.15560572811323212
340,0.3176359461379261,0.16946718543287687,0.03809253137392245,0.1366186543168372
341,0.31682679905445,0.17860939752482605,0.03343975086145857,0.13192789422729853
342,0.34695774847840183,0.16674777879473085,0.03782625357894449,0.14508488163895766
343,0.32798661422551717,0.16876286296456322,0.03673715285298481,0.14477029936493674
344,0.31929939006970376,0.1769039906492897,0.035756128704970386,0.1322918108231561
345,0.3231706056474774,0.17562297240947694,0.044691140102172934,0.1553677895202268
346,0.328091144649268,0.173632217833109,0.03767044403475489,0.1372655737324149
347,0.3198421206634831,0.17670728265049285,0.034597254811202315,0.1262121270949065
348,0.32457364902096847,0.16186387848004985,0.043955219143758585,0.1359746985284623
349,0.32724731523196954,0.16948705789742102,0.03720461763844968,0.13728700237853586
350,0.32559829379824123,0.1686643217447095,0.03867649668371395,0.14480448607882637
351,0.3394723566975309,0.18476163183490818,0.036619423202522344,0.11451658605555566
354,0.35105423047390544,0.16718691673388075,0.03241584927729668,0.11440457809638144
355,0.3142677594105717,0.17137032588526258,0.033479503736922246,0.12200230811081657
356,0.3318802686126491,0.17657101481814064,0.0320074147263209,0.12053268264101001
357,0.33523632331837405,0.17107722692734975,0.03984663665071418,0.11204588470540679
358,0.3245018579145651,0.17885711549731462,0.037885904430718806,0.1316386633253448
359,0.32600648540952804,0.16512901643904096,0.03667779750351134,0.13654873418521823
360,0.32789814953190294,0.17460677387195564,0.03852935692980358,0.1409248682303887
361,0.35251524066477996,0.1694915254237288,0.03203952571605268,0.11574408239133313
362,0.34267936174662705,0.17491660749248011,0.03593550935333012,0.12435252644028186
363,0.33364972448126196,0.1619557679292998,0.030770892462571742,0.13278525525767187
364,0.33712576175880304,0.17821208318468015,0.04074945786963052,0.13069662961729248
365,0.35690088920902696,0.17776579215883556,0.034010325602252894,0.12543517484018799
366,0.3364433459170631,0.16701031073626713,0.04146338816263064,0.1297537925163365
367,0.3170552329877042,0.1699847774016503,0.035357425350304894,0.13484322473475413
368,0.32690665041816697,0.168517811843663,0.03276534020992134,0.13196267804407888
369,0.3430326612523873,0.1643058772749743,0.04233872263394594,0.1278346793943684
370,0.3563161903501035,0.1781743478042875,0.03799260189014899,0.14134766210692606
371,0.31867107098193986,0.17499428604451056,0.04169816841235869,0.13904915956382888
372,0.3168681835971773,0.16707559650117776,0.04503276415547601,0.14151622547338874
374,0.3519485106303948,0.16471639292361273,0.03043148707145418,0.11910486086379907
375,0.34219669542630843,0.16708606953156452,0.03204668020558302,0.1402335226431188
376,0.3206589966506798,0.1750272907708454,0.034223401604699076,0.14190808959879783
378,0.3194541790436678,0.16778775008689034,0.04469722678286111,0.14658963276165898
379,0.3173759829170704,0.16728145905915914,0.04209237652540931,0.1375774208392711
380,0.32892896215046774,0.17143159630365448,0.03720891141724306,0.13890913227631546
381,0.3286293394231498,0.17334300818734344,0.03384403134030901,0.13779443832871646
382,0.33394078066151556,0.1700515239196357,0.04157469992390047,0.13890017810986996
383,0.33444253737855295,0.16298474898213336,0.03745934588966403,0.13439297224921645
385,0.3360890795178802,0.16161639013723667,0.04324707912404788,0.1274927319724606
386,0.3180219150725347,0.15899588124594602,0.04183192153320746,0.1476502204738381
387,0.3141226928969819,0.17759741798418394,0.02824205211628854,0.1359395806995313
388,0.32130767089341944,0.16272328763148713,0.04159574222933823,0.1457233728414003
389,0.31084265347610546,0.1687685659922821,0.038272606963199465,0.14504111931275504
390,0.32685298638377874,0.1624216541243601,0.03288765499073154,0.13407142774996889
391,0.3141563805994651,0.16578959121329734,0.03340616550927348,0.1370011711836687
392,0.3252429564848439,0.17354802200700498,0.03724991231128684,0.1301517994275776
393,0.3183069663619742,0.16176470588235295,0.04070768264222889,0.1344045253466166
394,0.3332423466362449,0.1795637106967382,0.037843722550301245,0.12334668924480371
395,0.31230702502824403,0.16448064610741167,0.03460288706003422,0.1403776053083191
396,0.304205302811724,0.17485615855992562,0.04045217168049399,0.1390317744442479
398,0.3125410825246717,0.16281178658566708,0.038087052682128475,0.13255250987356448
399,0.3469929853210008,0.17451758565644715,0.03105416877610102,0.12493837706600983
400,0.3497521027950792,0.1819038206987202,0.029935851570385485,0.11253000880542005
401,0.35821254664184915,0.17221358961017055,0.03849777942622242,0.12429585683554362
402,0.3225995414464766,0.17814516167858366,0.03807421383005802,0.12986190316101665
403,0.315544802299451,0.16993438615317835,0.042045814904396975,0.16358823131226094
404,0.3381985072551959,0.1721453481123281,0.04063185539125879,0.15324705876830133
405,0.34044358558757876,0.1626620428561387,0.044894752187645805,0.15234670771968742
406,0.3206222444147109,0.1620863281259579,0.03628862995776934,0.13452198220458175
407,0.3082147511943737,0.16923062155861138,0.031494650833795594,0.12286159184441425
408,0.3176571791886123,0.1756477735859606,0.03564666637442566,0.14282680595282626
409,0.3288352102479279,0.182548802225723,0.03327697167794333,0.12848953382279965
410,0.3336915366401634,0.16627429850567596,0.03691513394747063,0.12885562117310564
411,0.332032492225488,0.17819870025620296,0.03558916497964001,0.13488784366309817
412,0.33270086375178104,0.17126862960382727,0.0327576508145047,0.1321276009961602
413,0.33281755370474514,0.16680445988049736,0.0438418327135779,0.14653051462815256
414,0.3316607127386549,0.18085290929074826,0.03671549565803381,0.13155201901365884
415,0.3571340452612621,0.1690654362504925,0.03167613297310712,0.11177687341286323
416,0.3088395496501925,0.18054738470522005,0.034233348355680565,0.1561378486542278
417,0.3511656595309403,0.17868587045310624,0.03768558472579698,0.13175123084915585
418,0.33639260651404845,0.18077193051999807,0.03596043434432391,0.13681912504341556
419,0.35107565306672955,0.1773210025261324,0.029094718925998207,0.12052845377842891
420,0.31457693172040646,0.1622957466480641,0.04037062758237298,0.14313594067775146
421,0.35483352330946455,0.16969338695135217,0.039960435564058386,0.13121007030365148
422,0.3563196401437216,0.17013051051371558,0.035807567718238176,0.12901745858962685
423,0.336733961793975,0.17967219570243023,0.04369879698655781,0.14887056021290732
424,0.3654522862851272,0.17877107557099758,0.03981721563984001,0.12873378219750908
425,0.34606297105665745,0.17828059543285296,0.030298598614487623,0.12982031303046843
426,0.3369667213863745,0.16923987203368174,0.036227328727563825,0.13220217750566782
427,0.34172345472333804,0.17094536693789608,0.03926341388208988,0.12356336699453722
428,0.33175030078353496,0.16666666666666666,0.02915366248771071,0.13100298548971195
429,0.31067161705311885,0.1552561347343087,0.037367394432456305,0.12234404938415605
430,0.3245802566725382,0.16518634689206868,0.034100037660423015,0.13325125325625103
431,0.34613959035129077,0.18074881400940962,0.03889299259331098,0.1346708100708149
432,0.32764760332724047,0.17085158912690326,0.034157723987934055,0.12686808667141394
433,0.33743687027427577,0.18168309394566617,0.04304640947175892,0.1580781638662699
434,0.3435276656044565,0.1717647024550789,0.04450226584074053,0.15224135707179828
435,0.34956088340418884,0.17822124777658577,0.047480986631063996,0.13922551504945815
436,0.32580837296025866,0.16131922013505687,0.03469086169783331,0.1368495609460853
437,0.33573953102299503,0.1790697779848641,0.03295104174239631,0.13525910567759333
438,0.3477656561830095,0.16467172876692354,0.032669907495268956,0.11050160351914212
439,0.3291147097853249,0.16704744547385708,0.03164681052127243,0.11428949805734698
440,0.32656209080861365,0.1745860683120247,0.03018081129959761,0.12506917194966585
441,0.34524630970122433,0.17360933156015013,0.040391808189608816,0.1342852043845299
442,0.3249380922302178,0.16885222191888374,0.037189884586628474,0.1454630988113075
443,0.33766963285997803,0.18923734095065212,0.04039671305982743,0.1440618002645619
444,0.3479256129875291,0.17707241081798739,0.03772911729955705,0.15086953064431533
445,0.3217144618152573,0.16459292721149368,0.038224952238749735,0.14644302657891817
446,0.33140270466794886,0.16893724542215086,0.0407984137839933,0.15252852626485233
447,0.3591580069525804,0.18096701329714185,0.039339615164334735,0.1260579075042671
448,0.31190908667542255,0.17423783197498863,0.035171559427726394,0.12645800719679842
449,0.327131333960193,0.16811606259033246,0.03987246020172575,0.13493125427236968
450,0.333143102405033,0.1634793536518134,0.03779256657512275,0.1369517525059518
452,0.32255787864170743,0.1656805441304477,0.03938566189546029,0.12119611574640674
453,0.34802256793928005,0.1843027280308702,0.034626258997497036,0.12313297892746176
454,0.3371769276330644,0.1627170945492807,0.04074187842083224,0.12264738911175985
455,0.34340642363887364,0.17630048233506154,0.033540207041780165,0.12235690400176331
456,0.32882247659852665,0.17645150930251385,0.03837727094900529,0.11885621643134842
457,0.36218620934942697,0.1666518538268679,0.04337534179297983,0.13215087231442973
458,0.33611505534643843,0.1723539449880425,0.033485693417677785,0.11411277393679609
459,0.3328362627211399,0.1724924360398438,0.031781089246439916,0.12157875312512642
460,0.33466666218245933,0.16341633994291208,0.03671442741451235,0.13716432334472123
461,0.3307571180604226,0.17068615203823218,0.03868330593026384,0.12374951045543878
462,0.33913037090152565,0.17098420617360383,0.033164790374972206,0.1323068939322509
463,0.32730083917628844,0.1741569253690458,0.0454729763609619,0.15228379396874217
465,0.34128565994171495,0.18177404671839537,0.03801709141705089,0.13187215208853958
466,0.3621565811373409,0.1666718419342419,0.03979949982226217,0.11880277566789177
467,0.30806576301460303,0.18627599294577213,0.04306592620464204,0.13033842898837744
468,0.3150568868451172,0.17327986231627407,0.03835327237405064,0.13769410202510085
469,0.3337840998050573,0.1635338798455686,0.03775124687184255,0.12286518364695681
470,0.3434674292064038,0.17066686673051185,0.042765771107037054,0.12870670292569852
471,0.3416278942925508,0.17376190520880094,0.040131805893263824,0.12814455112255654
473,0.32944069007594456,0.16605045039328917,0.0463676986936813,0.14078056837103273
474,0.33692042155650487,0.18116062485032938,0.03604043361672379,0.13358246236980695
475,0.3313076409624256,0.17961406689298892,0.036834677349747554,0.12587776750095114
476,0.346288413909159,0.16693966712263567,0.04121708927220676,0.12794777276419594
477,0.33432358086919056,0.17630524923553118,0.039975718780305994,0.13550409777266617
478,0.33019927372733515,0.17207571163801874,0.0425587631588314,0.14942683975622542
479,0.33373665529260604,0.17669582075701604,0.03867973711898428,0.13493161560389327
480,0.32356306147644937,0.1714304740117094,0.04207822433468315,0.15159019863916015
481,0.3209596930694382,0.17936309818580787,0.030936456460864216,0.12883163558108426
482,0.3514162667971004,0.17760420253746984,0.035820702604308675,0.1133031776959319
483,0.3327359849809284,0.16949417976464554,0.03607810633203959,0.1387760458327577
484,0.31596736452492435,0.16609633616766592,0.035864117081437656,0.1365241107429994
485,0.35420813079812674,0.17961971116844563,0.03324320047266846,0.1195480509107562
486,0.3149481942796259,0.18041394542270128,0.03427399905642811,0.1349703021952277
487,0.34209648987389,0.18080481773244367,0.03899660497519876,0.12821307536633977
488,0.33342897897306095,0.171260863591102,0.0305941117480114,0.11937139052959318
489,0.3342454743906047,0.1816962478950468,0.039005976610109384,0.13934293872022704
490,0.3378893948988557,0.1751714969789642,0.0462196246928273,0.14426883763154796
491,0.35018838544691555,0.1710007964724282,0.03922317681022602,0.12902486121558648
492,0.3224563384859635,0.17748256225642484,0.04001790348762148,0.1148774959370087
493,0.3401395717279792,0.18368583166024507,0.02952687713370228,0.11765585980052497
494,0.3308190730728952,0.17240720210207172,0.03564587632942292,0.1345792908157602
495,0.3462569305670864,0.1590909090909091,0.036681530376929415,0.136911367546993
496,0.33710667467710026,0.1854197578175794,0.04180698667097367,0.14261240369440722
497,0.3302476739503461,0.1668323555633118,0.03903802187904021,0.15537605298963086
498,0.32572072341214797,0.17697093975406533,0.028494135866047193,0.11686697547715856
499,0.33216644027404324,0.1754321554934142,0.04294411309785056,0.1542269199448498
500,0.36229257223957295,0.1772001827278063,0.027455646600054714,0.11836425750255207
501,0.32387534213454017,0.16000820879174427,0.043448705230444085,0.15341778303054776
502,0.33837488590546216,0.17488483099083257,0.040712962399886206,0.14569085852125394
503,0.3341814613075006,0.18029246135806037,0.03587577666956568,0.13665618581204722
504,0.3381985072551959,0.1724995581471895,0.036581427582560236,0.13139079132602693
505,0.33337766530303325,0.16980369230096434,0.03670209138094499,0.12974276458835246
506,0.3155467245757163,0.17123057962803823,0.03722127980374818,0.13372317901044145
507,0.3367437780404318,0.1825166912073236,0.03941466713945032,0.13471027384103154
508,0.33147136345993955,0.16269313534568025,0.034597031678111546,0.12621851123254857
509,0.35274348687087637,0.17963702597779366,0.03645128679000968,0.1167383379429101
510,0.32766577795413954,0.16775143981400592,0.039986838634054035,0.1566864187833696
511,0.34490535900505903,0.1721117851013534,0.04472768497523231,0.14659204277871143
513,0.3397152793023735,0.18024054206568832,0.040434477892160765,0.14874461061301028
514,0.33037566022357406,0.17865870788225802,0.04135763401002067,0.131031079057493
515,0.3352433133403759,0.16887080907524754,0.039046276985687085,0.1292797119354247
516,0.32070325846468023,0.17332479432120004,0.039371001540912394,0.13407255475480392
517,0.3615322767112291,0.17419616035731852,0.04094745582129072,0.12190230928905585
518,0.32510509380434677,0.1613381775509432,0.037795689251103576,0.12441507940475968
519,0.3230332578174977,0.1744186954059804,0.04056624298094232,0.1421584601063801
520,0.3146116766989632,0.16517494656012516,0.03394617101324225,0.1331912904576355
521,0.32773622025513643,0.16883163940293203,0.03240064745589783,0.13180195671676972
522,0.32074915782682933,0.16834053485937037,0.0432566877080773,0.1379109363232358
523,0.33655074994907297,0.17309384314237994,0.04424563644250876,0.14179382917869254
525,0.35761543513988947,0.18351362702497323,0.03346901440614141,0.12878702119892363
526,0.344568985013496,0.16713662472859636,0.03313708994104043,0.10659349857593486
527,0.33344389869490365,0.17491125701975876,0.04302772634950954,0.1377004871010919
528,0.3506446337192166,0.17322646121123916,0.040650866813896534,0.1413116085341387
529,0.31235537906034216,0.16284340668134162,0.03425709210227927,0.1463815372126751
531,0.33163199098817037,0.1689657091809755,0.03465389720370073,0.13634188342103623
532,0.3504289487976868,0.17276827668580144,0.04418893365592538,0.13393105057365534
533,0.30855652128142996,0.16676717487898643,0.03876947831965575,0.13407222322766618
534,0.31816202384401576,0.16940486800769905,0.03499342730567025,0.13155227963832775
535,0.34175719132401033,0.1666456745805998,0.03358751087573746,0.12912844716669422
536,0.3412040792844908,0.16952231714392627,0.02955605785427442,0.11632165897422986
537,0.31751727003114105,0.16807727793543764,0.035594744393425075,0.1375422556710701
538,0.3068370331390132,0.16207368806845,0.03815728573090955,0.12814733163430336
539,0.33622483093236194,0.17802502394358719,0.03438066299953528,0.11641125876942529
540,0.32341423041434897,0.17952743701961404,0.04020119327049501,0.1203058830016505
541,0.32870888004032217,0.1803448271876874,0.043341830421249304,0.14394198918595935
542,0.333972985411941,0.17325409797153696,0.03687470215369234,0.14337154332659588
543,0.33498446981661334,0.17219613407805148,0.03577493567581747,0.12534702926547944
544,0.3269368925763102,0.17850437785276013,0.04556550826603618,0.16300141248580166
545,0.33215634861577076,0.16398524489404936,0.03420234514790869,0.13400768990575262
546,0.33757450838987546,0.16965051327373137,0.04401586785186797,0.13786589141229108
547,0.32233038429869504,0.18030577940375986,0.0432131174250459,0.15318476908675688
548,0.31100132507048306,0.16169478381041005,0.03667383107680116,0.14010806322923808
549,0.33088161092930085,0.1778688456062281,0.03297064601695286,0.11403615354932498
550,0.31535936089113875,0.18148781145524612,0.02949814199873013,0.12459182223549377
551,0.33407965788902927,0.17848764350013727,0.03363129854510478,0.12069085696389961
552,0.31779110020193396,0.1781191424410119,0.03612219873305715,0.11991581657095929
553,0.31945377684648485,0.17617857390509126,0.03903345641099335,0.12720185205370035
554,0.3495005419677682,0.17422762237051137,0.036641363990191876,0.12618620232723032
556,0.34147613164993773,0.1686643217447095,0.039699568903818885,0.133469433191316
557,0.3229396478895535,0.16704744547385708,0.03373423626061506,0.12805607316823525
558,0.3388500306138189,0.17028491158487224,0.039163954364677095,0.12247182964214604
559,0.3357087821227196,0.17492120826164134,0.04102843449454349,0.12805056273435975
560,0.34774189153579926,0.16432116403694913,0.034648658919062714,0.12428859633748766
561,0.3385205820247379,0.1676422728386927,0.03282730496372315,0.11389399874974052
562,0.3122099690776373,0.1726130063384297,0.036807865555147964,0.15035573343383413
563,0.341964217338534,0.17111801956920292,0.0388715456698569,0.15735381403090318
564,0.3134208713583977,0.16549872645333163,0.038154748353019734,0.14498822625991953
565,0.33116853208797115,0.1787971405195084,0.03814108424549512,0.14526282507198088
566,0.307629229754009,0.17239836153743918,0.03740542825153863,0.13792077212374723
567,0.362185369642641,0.16705909580155096,0.042906469979015184,0.12515715089674115
568,0.33019623013463545,0.15907265111080754,0.035705935867424744,0.13180057439487405
569,0.32161294996106865,0.16715227539710142,0.038471563604880736,0.14472659586288097
570,0.35575938612230495,0.18191364550652775,0.03239662301929571,0.11115518629826272
571,0.3386954580587757,0.16929021357622598,0.04169644268561954,0.1564501515666222
572,0.33436265105993696,0.17177741239446973,0.0303049238397061,0.11851668076366519
573,0.35544649726755123,0.165575372913188,0.04079553108131619,0.13769400641100935
574,0.321804409921519,0.16266323636359253,0.048997432252811536,0.1482913629298443
575,0.3229391222433631,0.16136668312940303,0.03808095379205618,0.1287726819286238
576,0.3282277084840913,0.1669303102376608,0.0326525445515495,0.12791755048340847
577,0.34061478280748736,0.16441676305145514,0.03918927593872116,0.14216321029765036
578,0.3318881166437555,0.17073314567275047,0.04114790001286988,0.14639997087648657
579,0.3120519379585209,0.16526937523839424,0.04066033469093967,0.1383622092834233
580,0.32747019968363383,0.16818089825937713,0.03567895750105242,0.1329335949922747
581,0.32904943990716395,0.17476514845000599,0.035839780607242175,0.13079175247367475
582,0.3531244692369388,0.17322706528204537,0.037595974847722764,0.137489837580367
583,0.33452500407347674,0.1721928422984386,0.03683980849940237,0.13104190531459103
584,0.34747453335683465,0.17619204461769647,0.038415920947317606,0.14021527624917052
585,0.33345809492162204,0.1789882112305637,0.04468895250846698,0.14599571411261833
586,0.3425312129314313,0.1830787346212632,0.038618986823602104,0.12502685242213146
587,0.33172221830756277,0.17240240476213636,0.03325426303451972,0.1232323213020284
588,0.31716992448060416,0.17187776071898098,0.0437693078421814,0.12963246289431324
589,0.3400716959544896,0.16405125786244898,0.04222237063529378,0.12765848610210906
590,0.3478287280860358,0.1791564571106236,0.041828867781611254,0.13586859547730076
591,0.35492301468356985,0.15833333333333333,0.036227889588385805,0.1268177284073622
592,0.3180644087981277,0.16939759752589004,0.04070259675398405,0.15198219917573141
593,0.32461147776964117,0.16654242844201914,0.037800989662726305,0.12680088560078057
594,0.3119774446625043,0.1602511017146212,0.03690211062490451,0.14096249840560024
595,0.3180988740500434,0.17834639765092478,0.03751558443235895,0.12437409132962211
596,0.31078991179794213,0.1780762926824921,0.030974124225147177,0.1213687636040503
597,0.3639934969045003,0.17250295915727262,0.03842826991868796,0.12679061938342387
598,0.3386938248211053,0.17105263157894737,0.034214148540964114,0.13881300015430992
599,0.3048833723273933,0.16965676168175223,0.04026946765242723,0.1340744243329269
600,0.322494557556765,0.18049382438682332,0.032513357264357994,0.1287243031922261
601,0.3432400845123895,0.17319627526100423,0.04052605037624177,0.12962934337516488
602,0.33893592830418345,0.1617472168606377,0.04581768261794844,0.1450471204333256
604,0.32678946865178793,0.1711176327721575,0.03622505102116943,0.1334810904216459
605,0.32691187842546127,0.16869999618425532,0.043788505405703115,0.15486179621228657
606,0.34173159228523076,0.1760862044931824,0.04562203725152054,0.14831215033270567
607,0.3310494573042842,0.1696624818193605,0.03367655530305184,0.12016223427917194
608,0.3240205942812985,0.16456778268844546,0.03541085987742077,0.1208002807430248
609,0.31501821306383593,0.17580567310404868,0.0388940915253684,0.1260366786667949
610,0.3279527357052695,0.16701950662558984,0.03573848996515877,0.1472636472667399
611,0.33470193099347373,0.17682162152953587,0.03875759648107088,0.12454044346592982
612,0.333982394301459,0.16880085963421532,0.03559389606033089,0.13416070347383363
613,0.31815786353450454,0.1687091634432684,0.03923097118380619,0.14784821424867406
614,0.3443758898651203,0.16270912745742125,0.03384834564619445,0.11643526874854851
615,0.35401350037692325,0.16293722457668122,0.038529414271812175,0.1164682574631784
616,0.36493262779981894,0.1764515039802121,0.04663776472899626,0.1614208405088356
617,0.3469344792565246,0.18531310546996452,0.039672699091628384,0.13401938503208213
618,0.3319568743028887,0.1629539220602803,0.03747422664100065,0.14011108852114557
619,0.3342146330703035,0.16952231714392627,0.03150685926485476,0.12355417844827313
620,0.3225418973538673,0.1740698755563582,0.031799866774511305,0.1286592364936309
621,0.32693916417226593,0.17120266947771345,0.02995810682595086,0.11766088251764438
622,0.32428001812845947,0.17879556980941294,0.033534988256188336,0.14650220399736816
623,0.3222172490825558,0.16694257268251741,0.04199669923501572,0.13866987098528755
624,0.34368060151890717,0.16464565057407865,0.033079141062382994,0.12530270401162702
625,0.32845737015072923,0.15991955704056318,0.0377562359167007,0.11667232465777297
626,0.33133908971181947,0.182683221987808,0.040920290864559526,0.14115367213932087
627,0.3672916055115665,0.18034960237067615,0.032309385955363104,0.12312379539247069
628,0.3449882298405963,0.17572870855627562,0.03918004980108365,0.14073753684598128
629,0.3315689446657285,0.1858193111192927,0.040921478965505916,0.13501746775615409
630,0.3070806557420993,0.16023125610953978,0.03333918263924664,0.12550669596243053
631,0.31940402168522486,0.1643267683727425,0.03758945790196792,0.13285503762575265
633,0.33418877858704454,0.16704146298663872,0.04184731371012221,0.13017292465454444
634,0.32301179246547723,0.1783796514968893,0.03566898783468339,0.13812909391080494
635,0.3130120126316795,0.16981417385260048,0.03570950378289634,0.13707933224134594
636,0.3191741412954458,0.15816793575046578,0.038586921812954415,0.12722142581062804
637,0.3063699025143858,0.17459424345767038,0.03444677509749955,0.13807129276060845
638,0.33733908626574843,0.17442497304917323,0.0396613083998041,0.1255568760597491
639,0.3469128252955937,0.1778740658759368,0.03504616894531372,0.13441066808971872
641,0.33268972854826095,0.17751430149027828,0.04057139984777999,0.1323527384609906
642,0.3350653939386819,0.16919974214910777,0.044418435585484355,0.13345699952844048
643,0.33011293691515065,0.16696950463610533,0.03943965863410987,0.15277880692334825
644,0.33129878599839824,0.1717873329773149,0.029085944073346266,0.11358168568804894
645,0.323449348200784,0.17776100158076222,0.04082687022014066,0.14083977822085403
646,0.3289299480144054,0.15599500823960322,0.038740823531843334,0.1265089503870693
647,0.3250463850462441,0.16953267545689196,0.038559260124937385,0.14784669457892655
648,0.3340002357258083,0.18038990839353752,0.0347635815073531,0.13984746089899305
649,0.3316830987539275,0.16872520470873076,0.03850670664589441,0.14269690505523697
650,0.3268037876475074,0.16887731478919943,0.037509112071185506,0.13895551051545002
651,0.32670629537591894,0.1708493768117736,0.03513272077888881,0.11961582971828129
652,0.3361952507063517,0.16478243095013537,0.04111554974200706,0.15583894335864007
653,0.3293941605612819,0.17707425416515393,0.034360358489236825,0.13249110603992045
654,0.3314478062877316,0.16040065182765115,0.04275039365625769,0.12513852770046952
655,0.31324162899770375,0.16697838483108104,0.03901838921084633,0.13106770171175314
656,0.35584339240385043,0.16859325395108585,0.044078486229806355,0.14314427922778722
657,0.33988499307828074,0.17677335236154365,0.0422626574498248,0.15044175107542035
658,0.340072750236136,0.15825571058098478,0.0397838061718484,0.13811833737208676
659,0.31405312120872964,0.18595004583129282,0.03415406276082725,0.11800762045543592
660,0.3356429041448456,0.1807699054692179,0.033605398472778575,0.12288623529141302
661,0.33295131283064383,0.1677418353974828,0.03663613359227049,0.13494077485280181
662,0.33346208764584373,0.17361063052528197,0.03900193242722022,0.13170409479883513
663,0.32923474465100455,0.17302383781021985,0.04841640142831172,0.146129548438884
665,0.3434324866181443,0.17379771058734228,0.034198682401570826,0.1540677890845451
666,0.3345941867559743,0.17561159087497205,0.0480783430628754,0.1471238113573689
667,0.34257217412387747,0.16502987796637203,0.0371415354451738,0.12422188149957093
668,0.34335215546135456,0.17703359744861003,0.02810033537686376,0.11707120328285422
669,0.33856673580309743,0.16174367084613636,0.04071470137589862,0.1281119936189293
670,0.3476788665239716,0.1716853734809647,0.02861989631404448,0.12040659837408968
671,0.34751954300140353,0.1772108002461295,0.041342803534448073,0.126980632878001
672,0.34389069468665856,0.1692115786276744,0.03498053409064724,0.13297811394171988
673,0.3580873315631347,0.17424242424242425,0.03986155067884497,0.13581683326582777
674,0.33413307346582505,0.17053453655798026,0.04079660395555,0.13527697424337073
675,0.3620806339605897,0.1837021431795585,0.04118862315015833,0.12732286979260302
676,0.3233605404553416,0.18947339260386126,0.027645789733854485,0.1214772959428809
677,0.3378704053596895,0.17407243209843098,0.03184782091532951,0.13512976513813646
678,0.33036977942906687,0.1731736478018081,0.04029980377087169,0.13291049255744639
679,0.3287789588650832,0.16730370787086496,0.04104600912937481,0.13042160870967015
680,0.3471449667614085,0.17146998695129656,0.04479877981161852,0.13579725037436255
681,0.35628949110242336,0.17782267988006928,0.03898856567580314,0.14763908598747483
682,0.3120516666879285,0.16734280159927906,0.041030041497029816,0.14854638545893703
683,0.3417850103606822,0.16448819052185001,0.029480224750730144,0.12583691657942453
684,0.32581029301613945,0.17552103563198532,0.03977541969863967,0.13899327418768528
685,0.3203689336490479,0.18071373614034997,0.036293907571824276,0.14104654577056536
686,0.33797096379230235,0.17086007906762346,0.028929136755890345,0.12520601921838415
687,0.32843511765050926,0.17568127344801984,0.029961988190457065,0.12816003599044623
688,0.32683077337269134,0.17594087772070516,0.04132636304886695,0.13911054057793856
689,0.33323514278869626,0.16340574029725038,0.033840340627018656,0.1259504625466568
690,0.312766911137351,0.16369008281660263,0.030452238843079335,0.10677262753088392
691,0.3261248292403213,0.1637436329376953,0.03310957695608186,0.12625057245224797
692,0.3181997587454356,0.1543306783153436,0.03729027542248966,0.13843050600019746
693,0.326019641927795,0.16097844595750505,0.03734138349128718,0.1315832456334612
694,0.3310384247200319,0.17160368906823,0.03882964622398949,0.14913295268565702
695,0.3319057229831349,0.16382625944957468,0.03708051295500099,0.1369421638684276
696,0.322183910467586,0.1625044574179926,0.0372623122954925,0.1333333163528698
697,0.3445173258560037,0.1738108785879632,0.04319699408623441,0.13585851164689938
698,0.3063000675216773,0.1797052771539307,0.037290696169574936,0.14680984923450163
699,0.3331829159911487,0.1829510923388705,0.04192892381650101,0.14553941077261676
700,0.34000537715683493,0.16920771997270867,0.032864938067932864,0.12704822801523744
701,0.32304509114191265,0.16707839704864114,0.03437392324054408,0.1293771532270709
702,0.33139776967446655,0.17975043020450368,0.035142892441301414,0.11612441430635187
703,0.3152347434756779,0.18064660493308599,0.03860249875445986,0.15399710122336438
704,0.3247151654778114,0.17669582075701604,0.03773144774331794,0.15382205475794744
705,0.2933605619437947,0.17000776814425647,0.0345417441598786,0.12799130098704972
706,0.31997218757535045,0.1692107454752438,0.03455403151093396,0.13325498707889347
707,0.3310469251257145,0.1700019566995057,0.03337526549977648,0.1140797038566752
708,0.3594160177303541,0.1715897267815597,0.032998785273385574,0.1485493444382638
709,0.324587019956517,0.1813177591305092,0.03500148325752361,0.12055599905848219
710,0.3431022884168732,0.17937598738581437,0.038368306785259175,0.1512911667157473
711,0.3311011550525001,0.16420137910228513,0.03512065901158184,0.12639514515121428
712,0.32180758496499096,0.16713887801328392,0.03299952501364593,0.13636767116534504
713,0.34161608548383,0.16998406513452652,0.037303333779089044,0.1331022462666545
714,0.33804389011435504,0.17045896035906435,0.04455205435441859,0.141901699796196
715,0.3248627169234953,0.172801843873425,0.03902745800835586,0.13812287026549347
716,0.32015446117126584,0.1695468475379168,0.030165043136428326,0.13180826404705662
717,0.3338220953840335,0.1690511262569751,0.03625063890445752,0.13292934525443742
718,0.31154269797108475,0.1709364898401131,0.03806275783856481,0.14230036627133963
